"DateTime";"240291601000052 - Total batería";"240291601000052 - Máx. celda";"240291601000052 - Mín. celda"
"2025-02-04 01:04:46";26,5;3330;3299
"2025-02-04 01:09:57";26,5;3329;3299
"2025-02-04 01:15:11";26,5;3329;3299
"2025-02-04 01:20:22";26,5;3329;3299
"2025-02-04 01:25:34";26,5;3329;3298
"2025-02-04 01:30:45";26,5;3328;3298
"2025-02-04 01:35:57";26,5;3328;3298
"2025-02-04 01:41:10";26,5;3328;3298
"2025-02-04 01:46:22";26,5;3328;3298
"2025-02-04 01:51:33";26,5;3328;3298
"2025-02-04 01:56:45";26,5;3327;3298
"2025-02-04 02:01:56";26,5;3327;3297
"2025-02-04 02:07:10";26,5;3327;3297
"2025-02-04 02:12:21";26,5;3326;3297
"2025-02-04 02:17:32";26,5;3326;3297
"2025-02-04 02:22:44";26,5;3326;3296
"2025-02-04 02:27:55";26,5;3326;3296
"2025-02-04 02:33:09";26,5;3326;3296
"2025-02-04 02:38:20";26,5;3326;3296
"2025-02-04 02:43:32";26,5;3326;3295
"2025-02-04 02:48:43";26,5;3326;3295
"2025-02-04 02:53:55";26,5;3326;3295
"2025-02-04 02:59:08";26,5;3325;3295
"2025-02-04 03:04:20";26,5;3325;3294
"2025-02-04 03:09:31";26,5;3325;3294
"2025-02-04 03:14:43";26,5;3325;3294
"2025-02-04 03:19:54";26,5;3325;3294
"2025-02-04 03:25:08";26,5;3325;3294
"2025-02-04 03:30:19";26,5;3325;3294
"2025-02-04 03:35:31";26,5;3325;3294
"2025-02-04 03:40:42";26,5;3325;3293
"2025-02-04 03:45:53";26,5;3325;3293
"2025-02-04 03:51:07";26,5;3325;3293
"2025-02-04 03:56:19";26,5;3325;3293
"2025-02-04 04:01:30";26,5;3325;3293
"2025-02-04 04:06:41";26,5;3325;3293
"2025-02-04 04:11:53";26,5;3325;3293
"2025-02-04 04:17:06";26,5;3325;3292
"2025-02-04 04:22:18";26,5;3325;3292
"2025-02-04 04:27:29";26,5;3325;3292
"2025-02-04 04:32:41";26,5;3325;3292
"2025-02-04 04:37:52";26,5;3325;3292
"2025-02-04 04:43:06";26,5;3325;3291
"2025-02-04 04:48:17";26,5;3325;3291
"2025-02-04 04:53:29";26,5;3325;3291
"2025-02-04 04:58:40";26,5;3325;3291
"2025-02-04 05:03:51";26,5;3325;3291
"2025-02-04 05:09:05";26,5;3325;3291
"2025-02-04 05:14:16";26,5;3325;3291
"2025-02-04 05:19:28";26,5;3325;3290
"2025-02-04 05:24:39";26,5;3325;3290
"2025-02-04 05:29:51";26,5;3325;3290
"2025-02-04 05:35:04";26,5;3325;3290
"2025-02-04 05:40:16";26,4;3325;3290
"2025-02-04 05:45:27";26,4;3325;3290
"2025-02-04 05:50:39";26,4;3325;3290
"2025-02-04 05:55:50";26,4;3325;3290
"2025-02-04 06:01:04";26,4;3325;3289
"2025-02-04 06:06:15";26,4;3325;3289
"2025-02-04 06:11:27";26,4;3325;3289
"2025-02-04 06:16:38";26,4;3325;3289
"2025-02-04 06:21:49";26,4;3325;3289
"2025-02-04 06:27:03";26,4;3325;3289
"2025-02-04 06:32:14";26,4;3325;3288
"2025-02-04 06:37:26";26,4;3325;3288
"2025-02-04 06:42:37";26,4;3325;3288
"2025-02-04 06:47:49";26,4;3325;3288
"2025-02-04 06:53:02";26,4;3315;3278
"2025-02-04 06:58:14";26,4;3320;3282
"2025-02-04 07:03:25";26,4;3320;3282
"2025-02-04 07:08:37";26;3273;3235
"2025-02-04 07:13:48";26,3;3305;3266
"2025-02-04 07:19:02";26,2;3292;3254
"2025-02-04 07:24:13";26,3;3315;3275
"2025-02-04 07:29:25";26,3;3317;3276
"2025-02-04 07:34:36";26,3;3314;3273
"2025-02-04 07:39:47";26,4;3319;3278
"2025-02-04 07:45:01";26,4;3320;3279
"2025-02-04 07:50:13";26,4;3321;3279
"2025-02-04 07:55:24";26,4;3321;3281
"2025-02-04 08:00:35";26,4;3322;3281
"2025-02-04 08:05:47";26,4;3322;3280
"2025-02-04 08:10:58";26,4;3324;3280
"2025-02-04 08:16:12";26,3;3315;3274
"2025-02-04 08:21:23";26,3;3306;3266
"2025-02-04 08:26:35";26,3;3318;3277
"2025-02-04 08:31:46";26,3;3314;3273
"2025-02-04 08:36:58";26,3;3306;3267
"2025-02-04 08:42:11";26,2;3293;3258
"2025-02-04 08:47:23";25,7;3267;3165
"2025-02-04 08:52:34";26,2;3293;3265
"2025-02-04 08:57:46";26,3;3300;3271
"2025-02-04 09:02:57";26,3;3305;3274
"2025-02-04 09:08:11";26,3;3308;3276
"2025-02-04 09:13:22";26,3;3310;3277
"2025-02-04 09:18:34";26,3;3310;3278
"2025-02-04 09:23:45";26,3;3314;3278
"2025-02-04 09:28:56";26,3;3309;3276
"2025-02-04 09:34:10";26,2;3296;3269
"2025-02-04 09:39:22";26;3266;3241
"2025-02-04 09:44:33";26,1;3278;3256
"2025-02-04 09:49:44";26,2;3291;3269
"2025-02-04 09:54:56";26,2;3283;3261
"2025-02-04 10:00:10";26,2;3291;3270
"2025-02-04 10:05:21";26,2;3285;3263
"2025-02-04 10:10:32";26,1;3274;3252
"2025-02-04 10:15:44";26,2;3293;3272
"2025-02-04 10:20:55";25,8;3238;3214
"2025-02-04 10:26:09";26,3;3297;3275
"2025-02-04 10:31:20";26,3;3298;3276
"2025-02-04 10:36:32";26,3;3298;3277
"2025-02-04 10:41:43";26,3;3301;3278
"2025-02-04 10:46:55";26;3269;3233
"2025-02-04 10:52:08";26;3268;3245
"2025-02-04 10:57:20";25,9;3249;3222
"2025-02-04 11:02:31";25,7;3230;3188
"2025-02-04 11:07:42";26,2;3291;3270
"2025-02-04 11:12:54";26,2;3294;3273
"2025-02-04 11:18:08";26,3;3295;3274
"2025-02-04 11:23:19";26,2;3293;3271
"2025-02-04 11:28:30";26;3270;3247
"2025-02-04 11:33:42";26;3265;3239
"2025-02-04 11:38:53";26,2;3291;3270
"2025-02-04 11:44:07";26,2;3295;3273
"2025-02-04 11:49:18";26,3;3296;3275
"2025-02-04 11:54:30";26,3;3297;3276
"2025-02-04 11:59:41";26,2;3290;3267
"2025-02-04 12:04:53";26,2;3294;3272
"2025-02-04 12:10:06";26,3;3296;3275
"2025-02-04 12:15:18";26,3;3297;3276
"2025-02-04 12:20:29";26,3;3298;3276
"2025-02-04 12:25:41";26,3;3299;3277
"2025-02-04 12:30:52";26,3;3300;3277
"2025-02-04 12:36:06";26,3;3300;3278
"2025-02-04 12:41:17";26,3;3300;3278
"2025-02-04 12:46:28";26,3;3295;3273
"2025-02-04 12:51:40";26,3;3298;3277
"2025-02-04 12:56:51";26,3;3299;3277
"2025-02-04 13:02:05";26,3;3300;3278
"2025-02-04 13:07:16";26,3;3302;3278
"2025-02-04 13:12:28";26,3;3301;3278
"2025-02-04 13:17:39";26,1;3281;3258
"2025-02-04 13:22:51";26,2;3295;3273
"2025-02-04 13:28:04";26,3;3297;3275
"2025-02-04 13:33:16";26,3;3298;3275
"2025-02-04 13:38:27";26,3;3298;3276
"2025-02-04 13:43:39";26,3;3299;3277
"2025-02-04 13:48:50";26,3;3299;3278
"2025-02-04 13:54:04";25,6;3231;3190
"2025-02-04 13:59:15";26,2;3292;3269
"2025-02-04 14:04:27";26,3;3296;3273
"2025-02-04 14:09:38";26,3;3298;3275
"2025-02-04 14:14:49";26;3268;3244
"2025-02-04 14:20:03";26;3266;3244
"2025-02-04 14:25:14";26,2;3291;3269
"2025-02-04 14:30:26";26,2;3284;3261
"2025-02-04 14:35:37";26,2;3285;3262
"2025-02-04 14:40:48";26,2;3292;3270
"2025-02-04 14:46:02";26,2;3295;3272
"2025-02-04 14:51:14";27;3387;3362
"2025-02-04 14:56:25";27;3391;3364
"2025-02-04 15:01:36";27;3389;3364
"2025-02-04 15:06:48";27;3390;3364
"2025-02-04 15:12:01";27;3394;3364
"2025-02-04 15:17:13";27,1;3402;3366
"2025-02-04 15:22:24";27,1;3403;3370
"2025-02-04 15:27:36";27,1;3415;3375
"2025-02-04 15:32:47";27,2;3421;3382
"2025-02-04 15:37:58";27,3;3430;3393
"2025-02-04 15:43:12";27,4;3445;3411
"2025-02-04 15:48:23";27,2;3454;3370
"2025-02-04 15:53:35";26,8;3368;3342
"2025-02-04 15:58:46";26,8;3364;3339
"2025-02-04 16:03:58";26,8;3360;3336
"2025-02-04 16:09:11";26,8;3360;3335
"2025-02-04 16:14:23";26,8;3358;3334
"2025-02-04 16:19:34";26,8;3362;3333
"2025-02-04 16:24:46";26,7;3354;3331
"2025-02-04 16:29:57";26,7;3352;3331
"2025-02-04 16:35:11";26,7;3352;3331
"2025-02-04 16:40:22";26,7;3352;3330
"2025-02-04 16:45:34";26,7;3350;3327
"2025-02-04 16:50:45";26,7;3351;3325
"2025-02-04 16:55:56";26,7;3350;3325
"2025-02-04 17:01:10";26,7;3354;3324
"2025-02-04 17:06:21";26,7;3348;3323
"2025-02-04 17:11:33";26,7;3353;3322
"2025-02-04 17:16:44";26,7;3346;3321
"2025-02-04 17:21:56";26,7;3346;3321
"2025-02-04 17:27:09";26,7;3346;3320
"2025-02-04 17:32:21";26,7;3343;3320
"2025-02-04 17:37:32";26,7;3344;3319
"2025-02-04 17:42:44";26,6;3344;3319
"2025-02-04 17:47:55";26,6;3343;3318
"2025-02-04 17:53:09";26,6;3343;3317
"2025-02-04 17:58:20";26,6;3342;3317
"2025-02-04 18:03:32";26,6;3342;3317
"2025-02-04 18:08:43";26,6;3342;3317
"2025-02-04 18:13:55";26,6;3341;3316
"2025-02-04 18:19:08";26,6;3341;3315
"2025-02-04 18:24:20";26,6;3341;3315
"2025-02-04 18:29:31";26,6;3340;3314
"2025-02-04 18:34:42";26,6;3341;3314
"2025-02-04 18:39:54";26,6;3340;3314
"2025-02-04 18:45:07";26,6;3340;3313
"2025-02-04 18:50:19";26,6;3340;3313
"2025-02-04 18:55:30";26,6;3340;3313
"2025-02-04 19:00:42";26,6;3340;3312
"2025-02-04 19:05:53";26,6;3340;3312
"2025-02-04 19:11:07";26,6;3340;3311
"2025-02-04 19:16:18";26,6;3340;3311
"2025-02-04 19:21:30";26,6;3340;3311
"2025-02-04 19:26:41";26,6;3340;3311
"2025-02-04 19:31:53";26,6;3340;3310
"2025-02-04 19:37:06";26,6;3339;3310
"2025-02-04 19:47:29";26,6;3338;3309
"2025-02-04 19:52:40";26,6;3338;3309
"2025-02-04 19:57:52";26,6;3338;3308
"2025-02-04 20:03:05";26,6;3338;3308
"2025-02-04 20:08:17";26,6;3338;3308
"2025-02-04 20:13:28";26,6;3338;3308
"2025-02-04 20:18:40";26,6;3337;3308
"2025-02-04 20:23:51";26,6;3337;3307
"2025-02-04 20:29:05";26,6;3337;3307
"2025-02-04 20:34:16";26,6;3337;3307
"2025-02-04 20:39:27";26,6;3337;3306
"2025-02-04 20:44:39";26,6;3337;3306
"2025-02-04 20:49:50";26,6;3337;3306
"2025-02-04 20:55:04";26,6;3336;3305
"2025-02-04 21:00:15";26,6;3336;3305
"2025-02-04 21:05:27";26,6;3336;3305
"2025-02-04 21:10:38";26,6;3336;3305
"2025-02-04 21:15:50";26,6;3335;3305
"2025-02-04 21:21:03";26,6;3335;3305
"2025-02-04 21:26:15";26,6;3335;3304
"2025-02-04 21:31:26";26,6;3335;3304
"2025-02-04 21:36:37";26,6;3335;3304
"2025-02-04 21:41:49";26,6;3335;3304
"2025-02-04 21:47:02";26,6;3335;3304
"2025-02-04 21:52:14";26,5;3334;3304
"2025-02-04 21:57:25";26,5;3335;3303
"2025-02-04 22:02:37";26,5;3334;3303
"2025-02-04 22:07:48";26,5;3334;3303
"2025-02-04 22:13:02";26,5;3334;3302
"2025-02-04 22:18:13";26,5;3333;3302
"2025-02-04 22:23:25";26,5;3333;3302
"2025-02-04 22:28:36";26,5;3333;3302
"2025-02-04 22:33:47";26,5;3333;3302
"2025-02-04 22:39:01";26,5;3333;3301
"2025-02-04 22:44:13";26,5;3332;3301
"2025-02-04 22:49:24";26,5;3332;3301
"2025-02-04 22:54:35";26,5;3332;3301
"2025-02-04 22:59:47";26,5;3332;3301
"2025-02-04 23:04:58";26,5;3332;3301
"2025-02-04 23:10:12";26,5;3332;3301
"2025-02-04 23:15:23";26,5;3331;3300
"2025-02-04 23:20:35";26,5;3332;3300
"2025-02-04 23:25:46";26,5;3331;3300
"2025-02-04 23:30:58";26,5;3331;3300
"2025-02-04 23:36:11";26,5;3331;3300
"2025-02-04 23:41:23";26,5;3331;3299
"2025-02-04 23:46:34";26,5;3331;3299
"2025-02-04 23:51:45";26,5;3331;3299
"2025-02-04 23:56:57";26,5;3330;3299
"2025-02-05 00:02:13";26,5;3330;3299
"2025-02-05 00:07:24";26,5;3330;3299
"2025-02-05 00:12:36";26,5;3330;3299
"2025-02-05 00:17:47";26,5;3330;3298
"2025-02-05 00:22:58";26,5;3329;3298
"2025-02-05 00:28:12";26,5;3329;3298
"2025-02-05 00:33:23";26,5;3329;3298
"2025-02-05 00:38:35";26,5;3329;3298
"2025-02-05 00:43:46";26,5;3329;3298
"2025-02-05 00:48:58";26,5;3328;3298
"2025-02-05 00:54:11";26,5;3328;3297
"2025-02-05 00:59:23";26,5;3328;3297
"2025-02-05 01:04:34";26,5;3328;3297
"2025-02-05 01:09:46";26,5;3328;3297
"2025-02-05 01:14:57";26,5;3328;3296
"2025-02-05 01:20:11";26,5;3327;3297
"2025-02-05 01:25:22";26,5;3327;3296
"2025-02-05 01:30:33";26,5;3327;3296
"2025-02-05 01:35:45";26,5;3327;3296
"2025-02-05 01:40:56";26,5;3327;3296
"2025-02-05 01:46:10";26,5;3326;3296
"2025-02-05 01:51:21";26,5;3327;3296
"2025-02-05 01:56:33";26,5;3326;3295
"2025-02-05 02:01:44";26,5;3326;3296
"2025-02-05 02:06:56";26,5;3326;3295
"2025-02-05 02:12:09";26,5;3326;3295
"2025-02-05 02:17:21";26,5;3326;3295
"2025-02-05 02:22:32";26,5;3326;3294
"2025-02-05 02:27:43";26,5;3326;3294
"2025-02-05 02:32:55";26,5;3326;3294
"2025-02-05 02:38:09";26,5;3326;3294
"2025-02-05 02:43:20";26,5;3326;3294
"2025-02-05 02:48:31";26,5;3326;3294
"2025-02-05 02:53:43";26,5;3326;3294
"2025-02-05 02:58:54";26,5;3326;3294
"2025-02-05 03:04:08";26,5;3326;3294
"2025-02-05 03:09:19";26,5;3326;3294
"2025-02-05 03:14:31";26,5;3326;3293
"2025-02-05 03:19:42";26,5;3326;3293
"2025-02-05 03:24:53";26,5;3326;3293
"2025-02-05 03:30:07";26,5;3326;3293
"2025-02-05 03:35:18";26,5;3326;3293
"2025-02-05 03:40:30";26,5;3326;3293
"2025-02-05 03:45:41";26,5;3326;3293
"2025-02-05 03:50:53";26,5;3326;3293
"2025-02-05 03:56:06";26,5;3326;3293
"2025-02-05 04:01:18";26,5;3326;3292
"2025-02-05 04:06:29";26,5;3326;3292
"2025-02-05 04:11:41";26,5;3325;3292
"2025-02-05 04:16:52";27,1;3412;3374
"2025-02-05 04:22:06";27;3395;3357
"2025-02-05 04:27:17";26,8;3368;3342
"2025-02-05 04:32:28";26,8;3365;3337
"2025-02-05 04:37:40";26,8;3363;3335
"2025-02-05 04:42:51";26,8;3362;3336
"2025-02-05 04:48:05";26,8;3360;3334
"2025-02-05 04:53:16";26,7;3358;3331
"2025-02-05 04:58:28";26,7;3357;3333
"2025-02-05 05:03:39";26,7;3357;3332
"2025-02-05 05:08:50";26,7;3357;3331
"2025-02-05 05:14:04";26,7;3355;3330
"2025-02-05 05:19:15";26,7;3354;3326
"2025-02-05 05:24:27";26,7;3353;3328
"2025-02-05 05:29:38";26,7;3353;3328
"2025-02-05 05:34:50";26,7;3352;3323
"2025-02-05 05:40:03";26,7;3351;3325
"2025-02-05 05:45:15";26,7;3351;3322
"2025-02-05 05:50:26";26,7;3350;3321
"2025-02-05 05:55:38";26,7;3349;3320
"2025-02-05 06:00:49";26,7;3349;3319
"2025-02-05 06:06:03";26,6;3348;3319
"2025-02-05 06:11:14";26,6;3348;3317
"2025-02-05 06:16:26";26,6;3348;3317
"2025-02-05 06:21:37";26,6;3346;3317
"2025-02-05 06:26:49";26,6;3346;3316
"2025-02-05 06:32:02";26,6;3345;3316
"2025-02-05 06:37:14";26,6;3345;3315
"2025-02-05 06:42:25";26,6;3345;3314
"2025-02-05 06:47:37";26,6;3344;3314
"2025-02-05 06:52:48";26,5;3329;3298
"2025-02-05 06:58:02";26,5;3334;3303
"2025-02-05 07:03:13";26,5;3334;3302
"2025-02-05 07:08:24";26;3278;3239
"2025-02-05 07:13:36";26,3;3319;3275
"2025-02-05 07:18:47";26,3;3307;3268
"2025-02-05 07:24:01";26,2;3305;3265
"2025-02-05 07:29:12";26,1;3286;3243
"2025-02-05 07:34:24";26;3274;3227
"2025-02-05 07:39:35";26;3271;3226
"2025-02-05 07:44:46";26;3273;3232
"2025-02-05 07:49:58";26,1;3283;3242
"2025-02-05 07:55:11";26,3;3306;3270
"2025-02-05 08:00:23";26,3;3314;3275
"2025-02-05 08:05:34";26,1;3284;3251
"2025-02-05 08:10:46";26,2;3286;3259
"2025-02-05 08:15:57";26,2;3285;3259
"2025-02-05 08:21:11";26,2;3291;3261
"2025-02-05 08:26:22";26;3256;3230
"2025-02-05 08:31:33";26,2;3292;3270
"2025-02-05 08:36:45";26;3271;3238
"2025-02-05 08:41:56";26,3;3294;3271
"2025-02-05 08:47:10";26,3;3298;3276
"2025-02-05 08:52:21";26,3;3299;3277
"2025-02-05 08:57:33";26,3;3300;3278
"2025-02-05 09:02:44";26,3;3300;3279
"2025-02-05 09:07:56";26,3;3300;3279
"2025-02-05 09:13:09";26,3;3303;3279
"2025-02-05 09:18:21";25,9;3258;3224
"2025-02-05 09:23:32";26,3;3296;3275
"2025-02-05 09:28:43";26,3;3298;3278
"2025-02-05 09:33:55";26,3;3300;3278
"2025-02-05 09:39:08";26,3;3296;3275
"2025-02-05 09:44:20";25,9;3252;3221
"2025-02-05 09:49:31";26;3262;3234
"2025-02-05 09:54:42";26,2;3291;3270
"2025-02-05 09:59:53";26,2;3291;3269
"2025-02-05 10:05:07";26,1;3278;3256
"2025-02-05 10:10:18";26,3;3296;3275
"2025-02-05 10:15:29";26,3;3298;3276
"2025-02-05 10:20:40";26,3;3298;3278
"2025-02-05 10:25:51";26,3;3299;3278
"2025-02-05 10:31:05";26,3;3300;3279
"2025-02-05 10:36:16";26,3;3300;3279
"2025-02-05 10:41:27";26,3;3302;3279
"2025-02-05 10:46:38";26,3;3302;3279
"2025-02-05 10:51:49";26,3;3297;3275
"2025-02-05 10:57:03";26,3;3297;3275
"2025-02-05 11:02:14";25,9;3248;3228
"2025-02-05 11:07:25";26,2;3294;3273
"2025-02-05 11:12:36";26,2;3284;3262
"2025-02-05 11:17:48";26,2;3287;3265
"2025-02-05 11:23:01";26,3;3297;3276
"2025-02-05 11:28:12";26,3;3298;3278
"2025-02-05 11:33:23";26,3;3299;3278
"2025-02-05 11:38:35";26,3;3300;3278
"2025-02-05 11:43:46";26,3;3299;3279
"2025-02-05 11:48:57";26,3;3300;3279
"2025-02-05 11:54:10";26,3;3300;3279
"2025-02-05 11:59:21";26,3;3303;3279
"2025-02-05 12:04:33";26,3;3300;3279
"2025-02-05 12:09:44";26,3;3300;3279
"2025-02-05 12:14:55";26,3;3301;3279
"2025-02-05 12:20:08";25,9;3255;3228
"2025-02-05 12:25:20";26,2;3285;3262
"2025-02-05 12:30:31";26,2;3290;3268
"2025-02-05 12:35:42";26,3;3297;3275
"2025-02-05 12:40:53";26,3;3298;3276
"2025-02-05 12:46:07";26,3;3295;3273
"2025-02-05 12:51:18";26,1;3280;3257
"2025-02-05 12:56:29";25,9;3254;3224
"2025-02-05 13:01:40";25,8;3238;3213
"2025-02-05 13:06:51";26,2;3291;3268
"2025-02-05 13:12:05";26,2;3295;3272
"2025-02-05 13:17:16";26,3;3297;3274
"2025-02-05 13:22:27";26,3;3298;3275
"2025-02-05 13:27:38";25,6;3230;3172
"2025-02-05 13:32:49";26,1;3274;3251
"2025-02-05 13:38:03";26,2;3289;3267
"2025-02-05 13:43:14";26,2;3294;3272
"2025-02-05 13:48:25";26,3;3296;3274
"2025-02-05 13:53:36";26;3270;3244
"2025-02-05 13:58:48";26,2;3289;3266
"2025-02-05 14:04:01";26,2;3291;3268
"2025-02-05 14:09:12";25,9;3252;3221
"2025-02-05 14:14:23";26,2;3288;3266
"2025-02-05 14:19:35";26,2;3289;3266
"2025-02-05 14:24:46";26,2;3291;3269
"2025-02-05 14:29:57";25,8;3240;3200
"2025-02-05 14:35:10";26,2;3287;3265
"2025-02-05 14:40:21";26,2;3292;3270
"2025-02-05 14:45:33";25,9;3254;3227
"2025-02-05 14:50:44";26,9;3380;3359
"2025-02-05 14:55:55";27;3388;3364
"2025-02-05 15:01:09";27;3386;3364
"2025-02-05 15:06:21";27;3388;3364
"2025-02-05 15:11:32";27;3388;3364
"2025-02-05 15:16:43";27;3391;3364
"2025-02-05 15:21:55";27;3394;3364
"2025-02-05 15:27:08";27,1;3404;3365
"2025-02-05 15:32:20";26,7;3355;3320
"2025-02-05 15:37:31";27;3402;3361
"2025-02-05 15:42:43";27,2;3416;3377
"2025-02-05 15:47:54";27,2;3418;3388
"2025-02-05 15:53:08";27,4;3439;3405
"2025-02-05 15:58:19";27,7;3531;3428
"2025-02-05 16:03:31";26,9;3370;3341
"2025-02-05 16:08:42";26,8;3364;3336
"2025-02-05 16:13:53";26,8;3361;3334
"2025-02-05 16:19:07";26,8;3358;3332
"2025-02-05 16:24:18";26,8;3358;3331
"2025-02-05 16:29:30";26,8;3357;3331
"2025-02-05 16:34:41";26,7;3354;3330
"2025-02-05 16:39:52";26,7;3352;3330
"2025-02-05 16:45:06";26,7;3350;3328
"2025-02-05 16:50:18";26,7;3351;3329
"2025-02-05 16:55:29";26,7;3351;3329
"2025-02-05 17:00:40";26,7;3349;3328
"2025-02-05 17:05:52";26,7;3348;3320
"2025-02-05 17:11:05";26,7;3348;3327
"2025-02-05 17:16:17";26,7;3348;3326
"2025-02-05 17:21:28";26,7;3352;3325
"2025-02-05 17:26:40";26,7;3346;3325
"2025-02-05 17:31:51";26,7;3345;3321
"2025-02-05 17:37:05";26,7;3351;3321
"2025-02-05 17:42:16";26,7;3344;3320
"2025-02-05 17:47:28";26,7;3349;3320
"2025-02-05 17:52:39";26,6;3343;3319
"2025-02-05 17:57:50";26,6;3343;3319
"2025-02-05 18:03:04";26,6;3343;3317
"2025-02-05 18:08:16";26,6;3341;3317
"2025-02-05 18:13:27";26,6;3341;3317
"2025-02-05 18:18:38";26,6;3341;3317
"2025-02-05 18:23:50";26,6;3341;3316
"2025-02-05 18:29:03";26,6;3340;3316
"2025-02-05 18:34:15";26,6;3346;3315
"2025-02-05 18:39:26";26,6;3340;3315
"2025-02-05 18:44:38";26,6;3340;3314
"2025-02-05 18:49:49";26,6;3339;3314
"2025-02-05 18:55:03";26,6;3339;3314
"2025-02-05 19:00:14";26,6;3340;3313
"2025-02-05 19:05:25";26,6;3339;3313
"2025-02-05 19:10:37";26,6;3339;3313
"2025-02-05 19:15:48";26,6;3339;3312
"2025-02-05 19:21:02";26,6;3339;3312
"2025-02-05 19:26:13";26,6;3338;3311
"2025-02-05 19:31:25";26,6;3339;3311
"2025-02-05 19:36:36";26,6;3339;3311
"2025-02-05 19:41:48";26,6;3338;3310
"2025-02-05 19:47:01";26,6;3338;3310
"2025-02-05 19:52:13";26,6;3338;3310
"2025-02-05 19:57:24";26,6;3338;3310
"2025-02-05 20:02:36";26,6;3338;3309
"2025-02-05 20:07:47";26,6;3338;3309
"2025-02-05 20:12:58";26,6;3338;3308
"2025-02-05 20:18:12";26,6;3338;3308
"2025-02-05 20:23:23";26,6;3338;3308
"2025-02-05 20:28:35";26,6;3337;3308
"2025-02-05 20:33:46";26,6;3337;3307
"2025-02-05 20:38:58";26,6;3337;3307
"2025-02-05 20:44:11";26,6;3337;3307
"2025-02-05 20:49:23";26,6;3337;3307
"2025-02-05 20:54:34";26,6;3337;3307
"2025-02-05 20:59:46";26,6;3337;3307
"2025-02-05 21:04:57";26,6;3336;3306
"2025-02-05 21:10:11";26,6;3336;3306
"2025-02-05 21:15:22";26,6;3336;3306
"2025-02-05 21:20:34";26,6;3335;3306
"2025-02-05 21:25:45";26,6;3335;3306
"2025-02-05 21:30:56";26,6;3335;3305
"2025-02-05 21:36:10";26,6;3335;3305
"2025-02-05 21:41:22";26,6;3335;3305
"2025-02-05 21:46:33";26,6;3335;3304
"2025-02-05 21:51:44";26,6;3335;3304
"2025-02-05 21:56:56";26,5;3334;3304
"2025-02-05 22:02:09";26,6;3334;3304
"2025-02-05 22:07:21";26,5;3334;3303
"2025-02-05 22:12:32";26,5;3334;3303
"2025-02-05 22:17:44";26,5;3334;3303
"2025-02-05 22:22:55";26,5;3334;3303
"2025-02-05 22:28:09";26,5;3334;3302
"2025-02-05 22:33:20";26,5;3334;3302
"2025-02-05 22:38:32";26,5;3333;3302
"2025-02-05 22:43:43";26,5;3333;3302
"2025-02-05 22:48:54";26,5;3333;3302
"2025-02-05 22:54:08";26,5;3332;3302
"2025-02-05 22:59:19";26,5;3333;3302
"2025-02-05 23:04:31";26,5;3332;3301
"2025-02-05 23:09:42";26,5;3332;3301
"2025-02-05 23:14:54";26,5;3332;3301
"2025-02-05 23:20:07";26,5;3332;3301
"2025-02-05 23:25:19";26,5;3332;3301
"2025-02-05 23:30:30";26,5;3332;3301
"2025-02-05 23:35:42";26,5;3331;3301
"2025-02-05 23:40:53";26,5;3331;3300
"2025-02-05 23:46:07";26,5;3331;3300
"2025-02-05 23:51:18";26,5;3331;3300
"2025-02-05 23:56:29";26,5;3331;3299
"2025-02-06 00:01:40";26,5;3331;3299
"2025-02-06 00:06:52";26,5;3331;3299
"2025-02-06 00:12:05";26,5;3331;3299
"2025-02-06 00:17:17";26,5;3330;3299
"2025-02-06 00:22:28";26,5;3330;3299
"2025-02-06 00:27:40";26,5;3329;3299
"2025-02-06 00:32:51";26,5;3330;3299
"2025-02-06 00:38:05";26,5;3329;3298
"2025-02-06 00:43:16";26,5;3329;3298
"2025-02-06 00:48:28";26,5;3329;3298
"2025-02-06 00:53:39";26,5;3329;3298
"2025-02-06 00:58:50";26,5;3329;3298
"2025-02-06 01:04:04";26,5;3329;3297
"2025-02-06 01:09:15";26,5;3328;3297
"2025-02-06 01:14:27";26,5;3329;3297
"2025-02-06 01:19:38";26,5;3328;3297
"2025-02-06 01:24:50";26,5;3328;3297
"2025-02-06 01:30:03";26,5;3328;3297
"2025-02-06 01:35:15";26,5;3328;3296
"2025-02-06 01:40:26";26,5;3328;3296
"2025-02-06 01:45:38";26,5;3328;3296
"2025-02-06 01:50:49";26,5;3327;3296
"2025-02-06 01:56:03";26,5;3327;3296
"2025-02-06 02:01:14";26,5;3327;3296
"2025-02-06 02:06:26";26,5;3327;3296
"2025-02-06 02:11:37";26,5;3327;3296
"2025-02-06 02:16:48";26,5;3326;3296
"2025-02-06 02:22:02";26,5;3326;3295
"2025-02-06 02:27:13";26,5;3326;3295
"2025-02-06 02:32:25";26,5;3326;3295
"2025-02-06 02:37:36";26,5;3326;3295
"2025-02-06 02:42:48";26,5;3326;3295
"2025-02-06 02:48:01";26,5;3326;3294
"2025-02-06 02:53:13";26,5;3326;3294
"2025-02-06 02:58:24";26,5;3326;3294
"2025-02-06 03:03:36";26,5;3326;3294
"2025-02-06 03:08:47";26,5;3326;3294
"2025-02-06 03:13:58";26,5;3326;3294
"2025-02-06 03:19:12";26,5;3326;3294
"2025-02-06 03:24:24";26,5;3326;3294
"2025-02-06 03:29:35";26,5;3326;3294
"2025-02-06 03:34:46";26,5;3326;3294
"2025-02-06 03:39:58";26,5;3326;3293
"2025-02-06 03:45:12";26,5;3326;3293
"2025-02-06 03:50:23";26,5;3326;3293
"2025-02-06 03:55:34";26,5;3326;3293
"2025-02-06 04:00:46";26,5;3326;3293
"2025-02-06 04:05:57";26,5;3326;3293
"2025-02-06 04:11:11";26,5;3326;3293
"2025-02-06 04:16:22";26,5;3326;3293
"2025-02-06 04:21:34";26,5;3326;3292
"2025-02-06 04:26:45";26,5;3326;3292
"2025-02-06 04:31:57";27,1;3420;3364
"2025-02-06 04:37:10";26,8;3368;3342
"2025-02-06 04:42:22";26,8;3364;3337
"2025-02-06 04:47:33";26,8;3362;3335
"2025-02-06 04:52:45";26,8;3361;3334
"2025-02-06 04:57:56";26,8;3360;3332
"2025-02-06 05:03:10";26,7;3358;3331
"2025-02-06 05:08:21";26,7;3360;3333
"2025-02-06 05:13:32";26,7;3357;3332
"2025-02-06 05:18:44";26,7;3356;3328
"2025-02-06 05:23:55";26,7;3355;3327
"2025-02-06 05:29:09";26,7;3354;3329
"2025-02-06 05:34:20";26,7;3352;3325
"2025-02-06 05:39:32";26,7;3352;3327
"2025-02-06 05:44:43";26,7;3354;3323
"2025-02-06 05:49:55";26,7;3351;3325
"2025-02-06 05:55:08";26,7;3351;3321
"2025-02-06 06:00:20";26,7;3349;3321
"2025-02-06 06:05:31";26,7;3349;3319
"2025-02-06 06:10:43";26,6;3348;3319
"2025-02-06 06:15:54";26,6;3347;3318
"2025-02-06 06:21:08";26,6;3348;3317
"2025-02-06 06:26:19";26,6;3348;3317
"2025-02-06 06:31:31";26,6;3346;3317
"2025-02-06 06:36:42";26,6;3345;3316
"2025-02-06 06:41:53";26,6;3344;3315
"2025-02-06 06:47:07";26,6;3345;3314
"2025-02-06 06:52:19";26,6;3344;3314
"2025-02-06 06:57:30";26,5;3335;3304
"2025-02-06 07:02:41";26,5;3329;3297
"2025-02-06 07:07:53";26,3;3312;3270
"2025-02-06 07:13:06";25,8;3263;3200
"2025-02-06 07:18:18";26,2;3296;3257
"2025-02-06 07:23:29";26,1;3292;3250
"2025-02-06 07:28:41";26,3;3308;3268
"2025-02-06 07:33:52";26,3;3317;3276
"2025-02-06 07:39:06";26,4;3321;3279
"2025-02-06 07:44:17";26,4;3322;3281
"2025-02-06 07:49:28";26,1;3286;3241
"2025-02-06 07:54:40";26,1;3285;3246
"2025-02-06 07:59:51";26,2;3302;3262
"2025-02-06 08:05:05";26,3;3316;3276
"2025-02-06 08:10:16";26,4;3320;3279
"2025-02-06 08:15:28";26,4;3322;3280
"2025-02-06 08:20:39";25,9;3260;3213
"2025-02-06 08:25:50";26,3;3316;3276
"2025-02-06 08:31:04";26,2;3299;3262
"2025-02-06 08:36:16";26,1;3282;3253
"2025-02-06 08:41:27";25,8;3251;3159
"2025-02-06 08:46:38";26,3;3298;3270
"2025-02-06 08:51:50";26,3;3306;3276
"2025-02-06 08:57:03";26,3;3309;3278
"2025-02-06 09:02:15";26,3;3311;3279
"2025-02-06 09:07:26";26,3;3311;3279
"2025-02-06 09:12:38";26,3;3311;3279
"2025-02-06 09:17:49";26,3;3312;3280
"2025-02-06 09:23:03";26,1;3283;3236
"2025-02-06 09:28:14";25,7;3219;3188
"2025-02-06 09:33:25";26,3;3296;3275
"2025-02-06 09:38:37";26,3;3296;3275
"2025-02-06 09:43:48";26,3;3299;3278
"2025-02-06 09:49:02";26,3;3300;3279
"2025-02-06 09:54:13";26,3;3298;3277
"2025-02-06 09:59:25";26,3;3300;3279
"2025-02-06 10:04:36";25,6;3218;3173
"2025-02-06 10:09:47";26,2;3291;3270
"2025-02-06 10:15:01";26,3;3297;3276
"2025-02-06 10:20:12";26,3;3298;3278
"2025-02-06 10:25:24";25,9;3256;3210
"2025-02-06 10:30:35";26,2;3283;3261
"2025-02-06 10:35:47";26,3;3296;3275
"2025-02-06 10:40:58";26,3;3298;3277
"2025-02-06 10:46:12";26,3;3299;3278
"2025-02-06 10:51:23";26,3;3300;3279
"2025-02-06 10:56:34";26,3;3297;3276
"2025-02-06 11:01:46";25,7;3231;3204
"2025-02-06 11:06:57";26,2;3293;3272
"2025-02-06 11:12:11";26,2;3283;3261
"2025-02-06 11:17:22";25,9;3259;3227
"2025-02-06 11:22:34";26,2;3293;3272
"2025-02-06 11:27:45";26,3;3296;3275
"2025-02-06 11:32:56";26,1;3275;3253
"2025-02-06 11:38:10";26,2;3287;3266
"2025-02-06 11:43:21";26,2;3291;3269
"2025-02-06 11:48:33";26,1;3275;3253
"2025-02-06 11:53:44";26,2;3291;3269
"2025-02-06 11:58:56";26,3;3295;3273
"2025-02-06 12:04:09";26,3;3297;3275
"2025-02-06 12:09:21";26,3;3298;3276
"2025-02-06 12:14:32";26;3248;3210
"2025-02-06 12:19:43";25,8;3240;3215
"2025-02-06 12:24:55";26,2;3291;3269
"2025-02-06 12:30:08";26,2;3294;3271
"2025-02-06 12:35:20";26,3;3296;3274
"2025-02-06 12:40:31";26,2;3293;3271
"2025-02-06 12:45:43";25,9;3259;3232
"2025-02-06 12:50:54";26;3263;3240
"2025-02-06 12:56:08";26,2;3287;3265
"2025-02-06 13:01:19";26,1;3279;3256
"2025-02-06 13:06:30";25,9;3252;3221
"2025-02-06 13:11:42";26,1;3281;3258
"2025-02-06 13:16:53";25,9;3263;3233
"2025-02-06 13:22:07";26,2;3286;3263
"2025-02-06 13:27:18";26,2;3290;3268
"2025-02-06 13:32:30";26,2;3287;3264
"2025-02-06 13:37:41";25,9;3254;3223
"2025-02-06 13:42:52";26;3269;3245
"2025-02-06 13:48:06";25,9;3253;3226
"2025-02-06 13:53:18";25,9;3252;3221
"2025-02-06 13:58:29";26,1;3280;3257
"2025-02-06 14:03:40";25,9;3249;3225
"2025-02-06 14:08:52";26,1;3272;3249
"2025-02-06 14:14:05";26;3266;3242
"2025-02-06 14:19:17";25,9;3245;3217
"2025-02-06 14:24:28";26,1;3275;3253
"2025-02-06 14:29:40";26,1;3274;3252